Id,Name,Status,Species, Origin Location Name, Last Known Location Name
1,Rick Sanchez,Alive,Human,Earth (C-137),Citadel of Ricks
2,Morty Smith,Alive,Human,unknown,Citadel of Ricks
3,Summer Smith,Alive,Human,Earth (Replacement Dimension),Earth (Replacement Dimension)
4,Beth Smith,Alive,Human,Earth (Replacement Dimension),Earth (Replacement Dimension)
5,Jerry Smith,Alive,Human,Earth (Replacement Dimension),Earth (Replacement Dimension)
6,Abadango Cluster Princess,Alive,Alien,Abadango,Abadango
7,Abradolf Lincler,unknown,Human,Earth (Replacement Dimension),Testicle Monster Dimension
8,Adjudicator Rick,Dead,Human,unknown,Citadel of Ricks
9,Agency Director,Dead,Human,Earth (Replacement Dimension),Earth (Replacement Dimension)
10,Alan Rails,Dead,Human,unknown,Worldender's lair
11,Albert Einstein,Dead,Human,Earth (C-137),Earth (Replacement Dimension)
12,Alexander,Dead,Human,Earth (C-137),Anatomy Park
13,Alien Googah,unknown,Alien,unknown,Earth (Replacement Dimension)
14,Alien Morty,unknown,Alien,unknown,Citadel of Ricks
15,Alien Rick,unknown,Alien,unknown,Citadel of Ricks
16,Amish Cyborg,Dead,Alien,unknown,Earth (Replacement Dimension)
17,Annie,Alive,Human,Earth (C-137),Anatomy Park
18,Antenna Morty,Alive,Human,unknown,Citadel of Ricks
19,Antenna Rick,unknown,Human,unknown,unknown
20,Ants in my Eyes Johnson,unknown,Human,unknown,Interdimensional Cable
21,Aqua Morty,unknown,Humanoid,unknown,Citadel of Ricks
22,Aqua Rick,unknown,Humanoid,unknown,Citadel of Ricks
23,Arcade Alien,unknown,Alien,unknown,Immortality Field Resort
24,Armagheadon,Alive,Alien,Signus 5 Expanse,Signus 5 Expanse
25,Armothy,Dead,unknown,Post-Apocalyptic Earth,Post-Apocalyptic Earth
26,Arthricia,Alive,Alien,Purge Planet,Purge Planet
27,Artist Morty,Alive,Human,unknown,Citadel of Ricks
28,Attila Starwar,Alive,Human,unknown,Interdimensional Cable
29,Baby Legs,Alive,Human,unknown,Interdimensional Cable
30,Baby Poopybutthole,Alive,Poopybutthole,unknown,unknown
31,Baby Wizard,Dead,Alien,unknown,Earth (Replacement Dimension)
32,Bearded Lady,Dead,Alien,unknown,Earth (Replacement Dimension)
33,Beebo,Dead,Alien,Venzenulon 7,Venzenulon 7
34,Benjamin,Alive,Poopybutthole,unknown,Interdimensional Cable
35,Bepisian,Alive,Alien,Bepis 9,Bepis 9
36,Beta-Seven,Alive,Alien,unknown,unknown
37,Beth Sanchez,Alive,Human,Earth (C-500A),Earth (C-500A)
38,Beth Smith,Alive,Human,Earth (C-137),Earth (C-137)
39,Beth Smith,Alive,Human,Earth (Evil Rick's Target Dimension),Earth (Evil Rick's Target Dimension)
40,Beth's Mytholog,Dead,Mythological Creature,Nuptia 4,Nuptia 4
41,Big Boobed Waitress,Alive,Mythological Creature,Fantasy World,Fantasy World
42,Big Head Morty,unknown,Human,unknown,Citadel of Ricks
43,Big Morty,Dead,Human,unknown,Citadel of Ricks
44,Body Guard Morty,Dead,Human,unknown,Citadel of Ricks
45,Bill,Alive,Human,Earth (C-137),Earth (C-137)
46,Bill,unknown,Animal,Earth (Replacement Dimension),unknown
47,Birdperson,Alive,Alien,Bird World,Planet Squanch
48,Black Rick,Alive,Human,unknown,Citadel of Ricks
49,Blamph,Alive,Alien,unknown,Interdimensional Cable
50,Blim Blam,Alive,Alien,unknown,Earth (Replacement Dimension)
51,Blue Diplomat,Alive,Alien,unknown,Interdimensional Cable
52,Blue Footprint Guy,Dead,Human,Post-Apocalyptic Earth,Post-Apocalyptic Earth
53,Blue Shirt Morty,unknown,Human,unknown,Citadel of Ricks
54,Bobby Moynihan,Alive,Human,unknown,Interdimensional Cable
55,Boobloosian,Dead,Alien,unknown,Nuptia 4
56,Bootleg Portal Chemist Rick,Dead,Human,unknown,Citadel of Ricks
57,Borpocian,Alive,Alien,unknown,unknown
58,Brad,Alive,Human,Earth (Replacement Dimension),Earth (Replacement Dimension)
59,Brad Anderson,Dead,Human,Earth (Replacement Dimension),Earth (Replacement Dimension)
60,Calypso,Dead,Human,unknown,unknown
61,Campaign Manager Morty,Dead,Human,unknown,Citadel of Ricks
62,Canklanker Thom,Dead,Alien,Gromflom Prime,unknown
63,Centaur,Alive,Mythological Creature,unknown,Mr. Goldenfold's dream
64,Chris,Dead,Alien,unknown,Earth (Replacement Dimension)
65,Chris,Alive,Humanoid,Rick's Battery Microverse,Rick's Battery Microverse
66,Coach Feratu (Balik Alistane),Dead,Mythological Creature,Earth (Replacement Dimension),Earth (Replacement Dimension)
67,Collector,Alive,Alien,The Menagerie,The Menagerie
68,Colossus,Dead,Human,Post-Apocalyptic Earth,Post-Apocalyptic Earth
69,Commander Rick,Dead,Human,unknown,Citadel of Ricks
70,Concerto,Dead,Humanoid,unknown,unknown
71,Conroy,Dead,Robot,Earth (Replacement Dimension),Earth (C-137)
72,Cool Rick,Alive,Human,Earth (K-83),Citadel of Ricks
73,Cop Morty,Dead,Human,unknown,Citadel of Ricks
74,Cop Rick,Alive,Human,unknown,Citadel of Ricks
75,Courier Flap,Alive,Alien,unknown,Planet Squanch
76,Cousin Nicky,Dead,Alien,unknown,Earth (Replacement Dimension)
77,Cowboy Morty,Alive,Human,unknown,Citadel of Ricks
78,Cowboy Rick,Alive,Human,unknown,Citadel of Ricks
79,Crab Spider,Alive,Alien,Hideout Planet,Hideout Planet
80,Creepy Little Girl,Alive,Human,unknown,Mr. Goldenfold's dream
81,Crocubot,Dead,Animal,unknown,Worldender's lair
82,Cronenberg Rick,unknown,Cronenberg,Cronenberg Earth,Earth (C-137)
83,Cronenberg Morty,unknown,Cronenberg,Cronenberg Earth,Earth (C-137)
84,Cult Leader Morty,Alive,Human,unknown,Hideout Planet
85,Cyclops Morty,Alive,Humanoid,unknown,Citadel of Ricks
86,Cyclops Rick,Dead,Humanoid,unknown,Citadel of Ricks
87,Cynthia,Dead,Alien,unknown,Zigerion's Base
88,Cynthia,Alive,Human,Earth (Replacement Dimension),Earth (Replacement Dimension)
89,Dale,Dead,Mythological Creature,Giant's Town,Giant's Town
90,Daron Jefferson,Alive,Alien,Unity's Planet,Unity's Planet
91,David Letterman,Alive,Human,Earth (C-500A),Earth (C-500A)
92,Davin,Dead,Human,Earth (C-137),Earth (C-137)
93,Diablo Verde,Dead,Mythological Creature,unknown,Dorian 5
94,Diane Sanchez,Dead,Human,Earth (C-137),Rick's Memories
95,Dipper and Mabel Mortys,unknown,Human,unknown,Citadel of Ricks
96,Tuberculosis,Dead,Disease,Anatomy Park,Anatomy Park
97,Gonorrhea,Dead,Disease,Anatomy Park,Anatomy Park
98,Hepatitis A,Dead,Disease,Anatomy Park,Anatomy Park
99,Hepatitis C,Dead,Disease,Anatomy Park,Anatomy Park
100,Bubonic Plague,Dead,Disease,Anatomy Park,Anatomy Park
101,E. Coli,Dead,Disease,Anatomy Park,Anatomy Park
102,Donna Gueterman,Dead,Robot,unknown,Planet Squanch
103,Doofus Rick,unknown,Human,Earth (J19ζ7),Earth (Replacement Dimension)
104,Doom-Nomitron,Dead,Alien,unknown,Dorian 5
105,Dr. Glip-Glop,Dead,Alien,unknown,St. Gloopy Noops Hospital
106,Dr. Schmidt,unknown,Human,Roy: A Life Well Lived,Roy: A Life Well Lived
107,Dr. Wong,Alive,Human,Earth (Replacement Dimension),Earth (Replacement Dimension)
108,Dr. Xenon Bloom,Dead,Humanoid,unknown,Anatomy Park
109,Duck With Muscles,Dead,Alien,unknown,Earth (Replacement Dimension)
110,Eli,Alive,Human,Post-Apocalyptic Earth,Post-Apocalyptic Earth
111,Eli's Girlfriend,Alive,Human,Post-Apocalyptic Earth,Post-Apocalyptic Earth
112,Eric McMan,Alive,Human,Earth (C-137),Earth (C-137)
113,Eric Stoltz Mask Morty,unknown,Human,Eric Stoltz Mask Earth,Earth (Replacement Dimension)
114,Ethan,unknown,Human,Earth (C-137),Earth (C-137)
115,Ethan,Alive,Human,Earth (Replacement Dimension),Earth (Replacement Dimension)
116,Evil Beth Clone,Dead,Human,unknown,Earth (C-137)
117,Evil Jerry Clone,Dead,Human,unknown,Earth (C-137)
118,Evil Morty,Alive,Human,unknown,Citadel of Ricks
119,Evil Rick,Dead,Humanoid,unknown,Citadel of Ricks
120,Evil Summer Clone,Dead,Human,unknown,Earth (C-137)
121,Eyehole Man,Alive,Alien,unknown,Interdimensional Cable
122,Fart,Dead,Alien,unknown,unknown
123,Fat Morty,Alive,Human,unknown,Citadel of Ricks
124,Father Bob,Alive,Human,Earth (Replacement Dimension),Earth (Replacement Dimension)
125,Flansian,Alive,Alien,unknown,Planet Squanch
126,Fleeb,unknown,Alien,unknown,Interdimensional Cable
127,Frank Palicky,Dead,Human,Earth (C-137),Earth (C-137)
128,Frankenstein's Monster,Dead,Alien,unknown,Earth (Replacement Dimension)
129,Fulgora,Alive,Human,unknown,Interdimensional Cable
130,Galactic Federation President,Dead,Alien,unknown,unknown
131,Gar Gloonch,Dead,Alien,unknown,Nuptia 4
132,Gar's Mytholog,Dead,Mythological Creature,Nuptia 4,Nuptia 4
133,Garblovian,Alive,Alien,Glaagablaaga,unknown
134,Garmanarnar,Alive,Alien,unknown,Interdimensional Cable
135,Garment District Rick,Dead,Human,unknown,Citadel of Ricks
136,Gazorpazorpfield,Alive,Alien,Gazorpazorp,Interdimensional Cable
137,Gene,Alive,Human,Earth (Replacement Dimension),Earth (Replacement Dimension)
138,General Nathan,Dead,Human,Earth (Replacement Dimension),Earth (Replacement Dimension)
139,General Store Owner,Dead,Alien,Purge Planet,Purge Planet
140,Genital Washer,Alive,Human,Post-Apocalyptic Earth,Post-Apocalyptic Earth
141,Ghost in a Jar,Dead,Alien,unknown,Earth (Replacement Dimension)
142,Gibble Snake,Dead,Alien,Resort Planet,Resort Planet
143,Glasses Morty,Alive,Human,unknown,Citadel of Ricks
144,Glenn,Dead,Alien,unknown,Interdimensional Customs
145,Glenn,Alive,Human,unknown,Interdimensional Cable
146,Glexo Slim Slom,Alive,Alien,unknown,Nuptia 4
147,Gobo,Dead,Alien,unknown,Earth (Replacement Dimension)
148,Goddess Beth,unknown,Mythological Creature,Nuptia 4,Nuptia 4
149,Gordon Lunas,Dead,Human,unknown,Earth (Replacement Dimension)
150,Cornvelious Daniel,Dead,Alien,unknown,Galactic Federation Prison
151,Gwendolyn,unknown,Robot,Gazorpazorp,Earth (Replacement Dimension)
152,Hammerhead Morty,unknown,Humanoid,unknown,Citadel of Ricks
153,Hamster In Butt,Alive,Animal,Hamster in Butt World,Hamster in Butt World
154,Hamurai,Dead,Alien,unknown,Earth (Replacement Dimension)
155,Harold,Alive,Cronenberg,Earth (C-137),Earth (C-137)
156,Hemorrhage,Alive,Human,Post-Apocalyptic Earth,Post-Apocalyptic Earth
157,Hole in the Wall Where the Men Can See it All,unknown,unknown,unknown,Interdimensional Cable
158,Hookah Alien,Alive,Alien,unknown,Interdimensional Customs
159,Hunter,Dead,Human,Earth (Giant Telepathic Spiders Dimension),Earth (Giant Telepathic Spiders Dimension)
160,Hunter's Father,Alive,Human,Earth (Giant Telepathic Spiders Dimension),Earth (Giant Telepathic Spiders Dimension)
161,Hydrogen-F,Alive,Alien,Alphabetrium,Alphabetrium
162,Ice-T,Alive,Alien,Alphabetrium,Alphabetrium
163,Ideal Jerry,Dead,Mythological Creature,Nuptia 4,Nuptia 4
164,Insurance Rick,unknown,Human,unknown,Citadel of Ricks
165,Investigator Rick,Dead,Human,unknown,Citadel of Ricks
166,Invisi-trooper,Alive,Human,Earth (Replacement Dimension),Earth (Replacement Dimension)
167,Izzy,Alive,Animal,Earth (Replacement Dimension),Earth (Replacement Dimension)
168,Jackie,Alive,Alien,Gazorpazorp,Gazorpazorp
169,Jacob,Alive,Human,Earth (C-137),Earth (C-137)
170,Jacqueline,Alive,Human,Earth (Replacement Dimension),Earth (Replacement Dimension)
171,Jaguar,Alive,Human,Earth (Replacement Dimension),Earth (Replacement Dimension)
172,Jamey,Alive,Human,Earth (Replacement Dimension),Earth (Replacement Dimension)
173,Jan-Michael Vincent,Alive,Human,unknown,Interdimensional Cable
174,Jerry 5-126,Alive,Human,Earth (5-126),Jerryboree
175,Jerry Smith,Alive,Human,Earth (C-137),Earth (C-137)
176,Celebrity Jerry,Alive,Human,Earth (C-500A),Earth (C-500A)
177,Jerry Smith,Alive,Human,Earth (Evil Rick's Target Dimension),Earth (Evil Rick's Target Dimension)
178,Jerry's Mytholog,Dead,Mythological Creature,Nuptia 4,Nuptia 4
179,Jessica,Alive,Cronenberg,Earth (C-137),Earth (C-137)
180,Jessica,Alive,Human,Earth (Replacement Dimension),Earth (Replacement Dimension)
181,Jessica's Friend,Alive,Human,Earth (C-137),Earth (Replacement Dimension)
182,Jim,Alive,Human,Earth (Replacement Dimension),Earth (Replacement Dimension)
183,Johnny Depp,Alive,Human,Earth (C-500A),Earth (C-500A)
184,Jon,Alive,Alien,Gazorpazorp,Interdimensional Cable
185,Joseph Eli Lipkip,Alive,Human,Earth (Replacement Dimension),Earth (Replacement Dimension)
186,Joyce Smith,Alive,Human,Earth (C-137),Earth (C-137)
187,Juggling Rick,unknown,Human,unknown,Citadel of Ricks
188,Karen Entity,Alive,Alien,Unity's Planet,Unity's Planet
189,Katarina,Dead,Human,Earth (Replacement Dimension),Earth (Replacement Dimension)
190,Keara,Alive,Alien,Krootabulon,Earth (Replacement Dimension)
191,Kevin,Dead,Alien,unknown,Zigerion's Base
192,King Flippy Nips,Alive,Alien,Pluto,Pluto
193,King Jellybean,Dead,Mythological Creature,Fantasy World,Fantasy World
194,Kozbian,Alive,Alien,unknown,Planet Squanch
195,Kristen Stewart,Alive,Human,Earth (C-500A),Earth (C-500A)
196,Krombopulos Michael,Dead,Alien,unknown,unknown
197,Kyle,Dead,Humanoid,Zeep Xanflorp's Miniverse,Kyle's Teenyverse
198,Lady Katana,Dead,Humanoid,unknown,Dorian 5
199,Larva Alien,Alive,Alien,Larva Alien's Planet,Planet Squanch
200,Lawyer Morty,unknown,Human,unknown,Citadel of Ricks
201,Leonard Smith,Alive,Human,Earth (C-137),Earth (C-137)
202,Lighthouse Keeper,Dead,Alien,Purge Planet,Purge Planet
203,Lil B,Dead,Alien,unknown,Earth (Replacement Dimension)
204,Lisa,Dead,Alien,unknown,Immortality Field Resort
205,Little Dipper,Alive,Humanoid,unknown,Interdimensional Cable
206,Lizard Morty,Alive,Humanoid,unknown,Citadel of Ricks
207,Loggins,Alive,Alien,unknown,Interdimensional Cable
208,Logic,Alive,Human,unknown,Worldender's lair
209,Long Sleeved Morty,unknown,Human,unknown,Citadel of Ricks
210,Lucy,Dead,Human,Earth (Replacement Dimension),Earth (Replacement Dimension)
211,Ma-Sha,Alive,Alien,Gazorpazorp,Gazorpazorp
212,Magma-Q,Dead,Alien,Alphabetrium,Alphabetrium
213,Magnesium-J,Alive,Alien,Alphabetrium,Alphabetrium
214,Man Painted Silver Who Makes Robot Noises,Alive,Human,unknown,Interdimensional Cable
215,Maximums Rickimus,Dead,Human,unknown,Rick's Memories
216,MC Haps,Alive,Human,Earth (C-137),Earth (C-137)
217,Mechanical Morty,Dead,Robot,Earth (Replacement Dimension),Earth (Replacement Dimension)
218,Mechanical Rick,unknown,Robot,Earth (Replacement Dimension),Earth (Replacement Dimension)
219,Mechanical Summer,unknown,Robot,Earth (Replacement Dimension),Earth (Replacement Dimension)
220,Mega Fruit Farmer Rick,Alive,Human,unknown,Citadel of Ricks
221,Melissa,Alive,Mythological Creature,Mr. Goldenfold's dream,Mr. Goldenfold's dream
222,Michael Denny and the Denny Singers,Alive,Human,unknown,Interdimensional Cable
223,Michael Jenkins,Dead,Human,unknown,Interdimensional Cable
224,Michael McLick,Alive,Human,unknown,Interdimensional Cable
225,Michael Thompson,Alive,Humanoid,unknown,Interdimensional Cable
226,Million Ants,Dead,Animal,unknown,Worldender's lair
227,Mitch,Alive,Human,Earth (Replacement Dimension),Earth (Replacement Dimension)
228,Mohawk Guy,Dead,Human,Post-Apocalyptic Earth,Post-Apocalyptic Earth
229,Morty Mart Manager Morty,Alive,Human,unknown,Citadel of Ricks
230,Morty Jr.,Alive,Humanoid,Earth (Replacement Dimension),Earth (Replacement Dimension)
231,Morty Rick,unknown,Human,unknown,Citadel of Ricks
232,Morty Smith,Alive,Human,Earth (Evil Rick's Target Dimension),Earth (Evil Rick's Target Dimension)
233,Morty K-22,Alive,Human,Earth (K-22),Earth (Replacement Dimension)
234,Morty Smith,Dead,Human,Earth (Replacement Dimension),Earth (Replacement Dimension)
235,Mortytown Loco,Dead,Human,unknown,Citadel of Ricks
236,Mr. Beauregard,Dead,Alien,unknown,Earth (Replacement Dimension)
237,Mr. Benson,Alive,Human,Earth (Replacement Dimension),Earth (Replacement Dimension)
238,Mr. Booby Buyer,Alive,Mythological Creature,Fantasy World,Fantasy World
239,Mr. Goldenfold,Alive,Cronenberg,Earth (C-137),Earth (C-137)
240,Mr. Goldenfold,Alive,Human,Earth (Replacement Dimension),Earth (Replacement Dimension)
241,Mr. Marklovitz,Alive,Human,Earth (C-137),Earth (Replacement Dimension)
242,Mr. Meeseeks,unknown,Humanoid,Mr. Meeseeks Box,Earth (Fascist Dimension)
243,Mr. Needful,Alive,Humanoid,unknown,Earth (Replacement Dimension)
244,Mr. Poopybutthole,Alive,Poopybutthole,unknown,Earth (Replacement Dimension)
245,Mrs. Lipkip,Alive,Human,Earth (Replacement Dimension),Earth (Replacement Dimension)
246,Mrs. Pancakes,Alive,Human,Earth (C-137),Mr. Goldenfold's dream
247,Amy Poopybutthole,Alive,Poopybutthole,unknown,unknown
248,Mrs. Refrigerator,Dead,Alien,unknown,Earth (Replacement Dimension)
249,Mrs. Sanchez,unknown,Human,unknown,unknown
250,Mrs. Sullivan,Dead,Human,Earth (C-500A),Interdimensional Cable
251,Nancy,Alive,Human,Earth (Replacement Dimension),Earth (Replacement Dimension)
252,Noob-Noob,Alive,Poopybutthole,unknown,Vindicator's Base
253,Numbericon,unknown,Alien,unknown,Alphabetrium
254,Octopus Man,Alive,Humanoid,unknown,Interdimensional Cable
255,Orthodox Jew,Alive,Human,Earth (Replacement Dimension),Earth (Replacement Dimension)
256,Pat Gueterman,Dead,Robot,unknown,Planet Squanch
257,Paul Fleishman,Alive,Human,unknown,Jerryboree
258,Pawnshop Clerk,Alive,Alien,unknown,Pawn Shop Planet
259,Pencilvester,Dead,Alien,unknown,Earth (Replacement Dimension)
260,Phillip Jacobs,Alive,Human,unknown,Interdimensional Cable
261,Photography Cyborg,unknown,Robot,unknown,Planet Squanch
262,Photography Raptor,Dead,Alien,unknown,Earth (Replacement Dimension)
263,Pibbles Bodyguard,Alive,Alien,unknown,St. Gloopy Noops Hospital
264,Pichael Thompson,Alive,Humanoid,unknown,Interdimensional Cable
265,Pickle Rick,Alive,unknown,Earth (C-137),Earth (Replacement Dimension)
266,Piece of Toast,Alive,unknown,unknown,Interdimensional Cable
267,Plumber Rick,Alive,Human,unknown,Citadel of Ricks
268,Poncho,Dead,Human,unknown,Anatomy Park
269,Presidentress of The Mega Gargantuans,Alive,Humanoid,Mega Gargantuan Kingdom,Mega Gargantuan Kingdom
270,Prince Nebulon,Dead,Alien,unknown,Zigerion's Base
271,Principal Vagina,Alive,Cronenberg,Earth (C-137),Earth (C-137)
272,Principal Vagina,Alive,Human,Earth (Replacement Dimension),Earth (Replacement Dimension)
273,Purge Planet Ruler,Dead,Alien,Purge Planet,Purge Planet
274,Quantum Rick,unknown,Human,unknown,Rick's Memories
275,Randy Dicknose,Alive,Human,unknown,Interdimensional Cable
276,Rat Boss,Dead,Animal,Earth (Replacement Dimension),Earth (Replacement Dimension)
277,Real Fake Doors Salesman,Alive,Human,unknown,Interdimensional Cable
278,Regional Manager Rick,Dead,Human,unknown,Citadel of Ricks
279,Regular Legs,Alive,Human,unknown,Interdimensional Cable
280,Reverse Giraffe,Dead,Alien,unknown,Earth (Replacement Dimension)
281,Reverse Rick Outrage,Dead,Human,unknown,Citadel of Ricks
282,Revolio Clockberg Jr.,unknown,Alien,Gear World,Gear World
283,Rick D. Sanchez III,Dead,Human,unknown,Citadel of Ricks
284,Rick Guilt Rick,unknown,Human,unknown,Citadel of Ricks
285,Rick Prime,Dead,Human,unknown,Citadel of Ricks
286,Rick D-99,Dead,Human,Earth (D-99),Citadel of Ricks
287,Rick D716,Dead,Human,Earth (D716),Citadel of Ricks
288,Rick D716-B,Alive,Human,Earth (D716-B),Citadel of Ricks
289,Rick D716-C,Alive,Human,Earth (D716-C),Citadel of Ricks
290,Rick Sanchez,Dead,Human,Earth (Evil Rick's Target Dimension),Earth (Evil Rick's Target Dimension)
291,Rick J-22,Alive,Human,Earth (J-22),Citadel of Ricks
292,Rick K-22,Alive,Human,Earth (K-22),Earth (Replacement Dimension)
293,Rick Sanchez,Dead,Human,Earth (Replacement Dimension),Earth (Replacement Dimension)
294,Ricktiminus Sancheziminius,Dead,Human,unknown,Rick's Memories
295,Riq IV,Dead,Human,unknown,Citadel of Ricks
296,Risotto Groupon,Dead,Alien,Resort Planet,Resort Planet
297,Risotto's Tentacled Henchman,Dead,Alien,Resort Planet,Resort Planet
298,Robot Morty,unknown,Robot,unknown,Citadel of Ricks
299,Robot Rick,unknown,Robot,unknown,Citadel of Ricks
300,Roger,Dead,Human,Earth (C-137),Anatomy Park
301,Ron Benson,Alive,Alien,Unity's Planet,Unity's Planet
302,Ruben,Dead,Human,Earth (C-137),Earth (C-137)
303,Samantha,Alive,Human,Earth (C-137),Earth (C-137)
304,Scary Brandon,Alive,Mythological Creature,Mr. Goldenfold's dream,Mr. Goldenfold's dream
305,Scary Glenn,Alive,Mythological Creature,Mr. Goldenfold's dream,Mr. Goldenfold's dream
306,Scary Terry,Alive,Mythological Creature,Mr. Goldenfold's dream,Mr. Goldenfold's dream
307,Scroopy Noopers,Alive,Alien,Pluto,Pluto
308,Scropon,unknown,Alien,unknown,Planet Squanch
309,Scrotian,Alive,Animal,unknown,Signus 5 Expanse
310,Self-Congratulatory Jerry,unknown,Mythological Creature,Nuptia 4,Nuptia 4
311,Shimshamian,Alive,Alien,unknown,Planet Squanch
312,Shlaammi,Alive,Alien,unknown,Interdimensional Cable
313,Shleemypants,Alive,unknown,unknown,Snake Planet
314,Shmlamantha Shmlicelli,Alive,Human,unknown,Interdimensional Cable
315,Shmlangela Shmlobinson-Shmlower,Alive,Human,unknown,Interdimensional Cable
316,Shmlona Shmlobinson,Alive,Human,unknown,Interdimensional Cable
317,Shmlonathan Shmlower,Alive,Human,unknown,Interdimensional Cable
318,Shmlony Shmlicelli,Alive,Human,unknown,Interdimensional Cable
319,Shmooglite Runner,unknown,Alien,Resort Planet,Resort Planet
320,Shnoopy Bloopers,unknown,Alien,unknown,Immortality Field Resort
321,Shrimply Pibbles,Alive,Alien,unknown,St. Gloopy Noops Hospital
322,Simple Rick,Dead,Human,unknown,Citadel of Ricks
323,Slaveowner,Dead,Human,Post-Apocalyptic Earth,Post-Apocalyptic Earth
324,Sleepy Gary,Dead,Alien,unknown,Earth (Replacement Dimension)
325,Slick Morty,Dead,Human,unknown,Citadel of Ricks
326,Slippery Stair,Alive,Mythological Creature,Fantasy World,Earth (Replacement Dimension)
327,Slow Mobius,Alive,Humanoid,unknown,Earth (Replacement Dimension)
328,Slow Rick,Alive,Human,unknown,Citadel of Ricks
329,Snuffles (Snowball),Alive,Animal,Earth (C-137),unknown
330,Solicitor Rick,unknown,Human,unknown,Citadel of Ricks
331,Squanchy,unknown,Alien,Planet Squanch,Planet Squanch
332,Stacy,Alive,Human,Earth (Replacement Dimension),Earth (Replacement Dimension)
333,Stair Goblin,Alive,Mythological Creature,unknown,Fantasy World
334,Stealy,Alive,Poopybutthole,unknown,Interdimensional Cable
335,Steve,Alive,Human,Earth (Replacement Dimension),Earth (Replacement Dimension)
336,Steven Phillips,Alive,Alien,Unity's Planet,Unity's Planet
337,Stu,Dead,Alien,unknown,Zigerion's Base
338,Summer Smith,Alive,Human,Earth (C-137),Earth (C-137)
339,Summer Smith,Alive,Human,Earth (Evil Rick's Target Dimension),Earth (Evil Rick's Target Dimension)
340,Supernova,Alive,Human,unknown,Worldender's lair
341,Taddy Mason,Alive,Human,Earth (Replacement Dimension),Earth (Replacement Dimension)
342,Taint Washer,Alive,Human,Post-Apocalyptic Earth,Post-Apocalyptic Earth
343,Tammy Guetermann,Alive,Cronenberg,Earth (C-137),Earth (C-137)
344,Tammy Guetermann,Dead,Human,Earth (Replacement Dimension),NX-5 Planet Remover
345,Teacher Rick,Alive,Human,unknown,Citadel of Ricks
346,Terry,unknown,Human,Earth (Replacement Dimension),Earth (Replacement Dimension)
347,President Curtis,Alive,Human,Earth (Replacement Dimension),Earth (Replacement Dimension)
348,The President of the Miniverse,Dead,Humanoid,Zeep Xanflorp's Miniverse,Zeep Xanflorp's Miniverse
349,The Scientist Formerly Known as Rick,Dead,Human,unknown,unknown
350,Thomas Lipkip,unknown,Human,Earth (Replacement Dimension),Froopyland
351,Three Unknown Things,Alive,Alien,unknown,Interdimensional Cable
352,Tinkles,Dead,Alien,unknown,Earth (Replacement Dimension)
353,Tiny Rick,Dead,Human,Earth (Replacement Dimension),Earth (Replacement Dimension)
354,Toby Matthews,Alive,Human,Earth (Replacement Dimension),Earth (Replacement Dimension)
355,Todd Crystal,Alive,Alien,Unity's Planet,Unity's Planet
356,Tom Randolph,Alive,Human,Earth (C-137),Earth (C-137)
357,Tommy's Clone,Alive,Human,Earth (Replacement Dimension),Earth (Replacement Dimension)
358,Tophat Jones,Dead,Mythological Creature,unknown,Interdimensional Cable
359,Tortured Morty,unknown,Human,unknown,Citadel of Ricks
360,Toxic Morty,Dead,Humanoid,Detoxifier,Earth (Replacement Dimension)
361,Toxic Rick,Dead,Humanoid,Detoxifier,Earth (Replacement Dimension)
362,Traflorkian,Alive,Alien,unknown,Worldender's lair
363,Trandor,Alive,Alien,Krootabulon,Earth (Replacement Dimension)
364,Tree Person,Dead,Humanoid,Kyle's Teenyverse,Kyle's Teenyverse
365,Tricia Lange,Alive,Human,Earth (Replacement Dimension),Earth (Replacement Dimension)
366,Trunk Morty,Alive,Humanoid,Trunk World,Citadel of Ricks
367,Trunk Man,Alive,Humanoid,Trunk World,Interdimensional Cable
368,Truth Tortoise,unknown,Mythological Creature,unknown,unknown
369,Tusked Assassin,unknown,Alien,Resort Planet,Resort Planet
370,Two Guys with Handlebar Mustaches,Alive,Human,unknown,Interdimensional Cable
371,Tumblorkian,Alive,Alien,Plopstar,Plopstar
372,Unity,Alive,Alien,unknown,Unity's Planet
373,Unmuscular Michael,Alive,Human,unknown,Interdimensional Cable
374,Vampire Master,Alive,Mythological Creature,Earth (Replacement Dimension),Earth (Replacement Dimension)
375,Vance Maximus,Dead,Human,unknown,Worldender's lair
376,Veronica Ann Bennet,Alive,Alien,Gazorpazorp,Gazorpazorp
377,Voltematron,Dead,Alien,unknown,Earth (Replacement Dimension)
378,Wall Crawling Rick,unknown,Humanoid,unknown,Citadel of Ricks
379,Wedding Bartender,unknown,Alien,unknown,Planet Squanch
380,Unknown Rick,unknown,Human,unknown,unknown
381,Woman Rick,Alive,Alien,unknown,unknown
382,Worldender,Dead,Alien,unknown,Worldender's lair
383,Yaarb,Alive,Alien,unknown,St. Gloopy Noops Hospital
384,Yellow Headed Doctor,Alive,Alien,unknown,St. Gloopy Noops Hospital
385,Yellow Shirt Rick,unknown,Human,unknown,Citadel of Ricks
386,Zarbadar Gloonch,Dead,Alien,unknown,Nuptia 4
387,Zarbadar's Mytholog,unknown,Mythological Creature,Nuptia 4,Nuptia 4
388,Zeep Xanflorp,Alive,Humanoid,Rick's Battery Microverse,Rick's Battery Microverse
389,Zeta Alpha Rick,Dead,Human,unknown,Rick's Memories
390,Zick Zack,Dead,Alien,unknown,Earth (Replacement Dimension)
391,Uncle Steve,Dead,Alien,unknown,Earth (Replacement Dimension)
392,Bearded Morty,Alive,Human,unknown,Citadel of Ricks
393,Roy,Alive,Human,Roy: A Life Well Lived,Roy: A Life Well Lived
394,Davin,Dead,Cronenberg,Earth (C-137),Earth (C-137)
395,Greebybobe,Alive,Alien,Girvonesk,Worldender's lair
396,Scary Teacher,Alive,Mythological Creature,Mr. Goldenfold's dream,Mr. Goldenfold's dream
397,Fido,Alive,Animal,Snuffles' Dream,Snuffles' Dream
398,Accountant dog,Alive,Animal,Snuffles' Dream,Snuffles' Dream
399,Tiny-persons advocacy group lawyer,Alive,Mythological Creature,Giant's Town,Giant's Town
400,Giant Judge,Alive,Mythological Creature,Giant's Town,Giant's Town
401,Morty Jr's interviewer,Alive,Human,Earth (Replacement Dimension),Earth (Replacement Dimension)
402,Guy from The Bachelor,Alive,Human,Earth (Replacement Dimension),Earth (Replacement Dimension)
403,Corn detective,Dead,Humanoid,Interdimensional Cable,Interdimensional Cable
404,Michael Jackson,Alive,Humanoid,Earth (Phone Dimension),Earth (Phone Dimension)
405,Trunkphobic suspenders guy,Alive,Human,unknown,Earth (Replacement Dimension)
406,Spiderweb teddy bear,Alive,Animal,Interdimensional Cable,Interdimensional Cable
407,Regular Tyrion Lannister,Alive,Human,Interdimensional Cable,Interdimensional Cable
408,Quick Mystery Presenter,Alive,Human,Interdimensional Cable,Interdimensional Cable
409,Mr. Sneezy,Alive,Human,Interdimensional Cable,Interdimensional Cable
410,Two Brothers,Alive,Human,Interdimensional Cable,Interdimensional Cable
411,Alien Mexican Armada,unknown,Alien,Interdimensional Cable,Interdimensional Cable
412,Giant Cat Monster,unknown,Animal,Interdimensional Cable,Interdimensional Cable
413,Old Women,unknown,Human,Interdimensional Cable,Interdimensional Cable
414,Trunkphobic guy,Alive,Human,Interdimensional Cable,Interdimensional Cable
415,Pro trunk people marriage guy,Alive,Human,Interdimensional Cable,Interdimensional Cable
416,Muscular Mannie,Alive,Human,Interdimensional Cable,Interdimensional Cable
417,Baby Legs Chief,Alive,Human,Interdimensional Cable,Interdimensional Cable
418,Mrs. Sullivan's Boyfriend,Alive,Human,Interdimensional Cable,Interdimensional Cable
419,Plutonian Hostess,Alive,Alien,Pluto,Pluto
420,Plutonian Host,Alive,Alien,Pluto,Pluto
421,Rich Plutonian,Alive,Alien,Pluto,Pluto
422,Rich Plutonian,Alive,Alien,Pluto,Pluto
423,Synthetic Laser Eels,Alive,Animal,Earth (Replacement Dimension),Earth (Replacement Dimension)
424,Pizza-person,Alive,Humanoid,Earth (Pizza Dimension),Earth (Pizza Dimension)
425,Pizza-person,Alive,Humanoid,Earth (Pizza Dimension),Earth (Pizza Dimension)
426,Greasy Grandma,Alive,Human,Greasy Grandma World,Greasy Grandma World
427,Phone-person,Alive,Humanoid,Earth (Phone Dimension),Earth (Phone Dimension)
428,Phone-person,Alive,Humanoid,Earth (Phone Dimension),Earth (Phone Dimension)
429,Chair-person,Alive,Humanoid,Earth (Chair Dimension),Earth (Chair Dimension)
430,Chair-person,Alive,Humanoid,Earth (Chair Dimension),Earth (Chair Dimension)
431,Chair-homeless,Alive,Humanoid,Earth (Chair Dimension),Earth (Chair Dimension)
432,Chair-waiter,Alive,Humanoid,Earth (Chair Dimension),Earth (Chair Dimension)
433,Doopidoo,Alive,Animal,unknown,unknown
434,Super Weird Rick,unknown,Human,unknown,unknown
435,Pripudlian,Alive,Alien,unknown,Earth (Replacement Dimension)
436,Giant Testicle Monster,Alive,Alien,Testicle Monster Dimension,Testicle Monster Dimension
437,Michael,Alive,Human,Earth (Replacement Dimension),Earth (Replacement Dimension)
438,Michael's Lawyer,Alive,Human,Earth (Replacement Dimension),Earth (Replacement Dimension)
439,Veterinary,Alive,Human,Earth (Replacement Dimension),Earth (Replacement Dimension)
440,Veterinary Nurse,Alive,Human,Earth (Replacement Dimension),Earth (Replacement Dimension)
441,Bearded Jerry,Alive,Human,unknown,Jerryboree
442,Shaved Head Jerry,Alive,Human,unknown,Jerryboree
443,Tank Top Jerry,Alive,Human,unknown,Jerryboree
444,Pink Polo Shirt Jerry,Alive,Human,unknown,Jerryboree
445,Jerryboree Keeper,Alive,Alien,unknown,Jerryboree
446,Jerryboree Receptionist,Alive,Alien,unknown,Jerryboree
447,Anchor Gear,Alive,Alien,Gear World,Gear World
448,Gear Cop,Dead,Alien,Gear World,Gear World
449,Roy's Mum,Alive,Human,Roy: A Life Well Lived,Roy: A Life Well Lived
450,Roy's Wife,Alive,Human,Roy: A Life Well Lived,Roy: A Life Well Lived
451,Roy's Son,Alive,Human,Roy: A Life Well Lived,Roy: A Life Well Lived
452,Simon,Alive,Human,Earth (Replacement Dimension),Earth (Replacement Dimension)
453,Vampire Master's Assistant,Alive,Mythological Creature,unknown,Earth (Replacement Dimension)
454,Arbolian Mentirososian,Alive,Alien,Árboles Mentirosos,St. Gloopy Noops Hospital
455,St. Gloopy Noops Nurse,Alive,Alien,unknown,St. Gloopy Noops Hospital
456,Nano Doctor,Alive,Alien,unknown,St. Gloopy Noops Hospital
457,Funny Songs Presenter,Alive,Human,unknown,Interdimensional Cable
458,Tax Attorney,unknown,Human,unknown,Interdimensional Cable
459,Butthole Ice Cream Guy,Alive,Alien,unknown,Interdimensional Cable
460,Traflorkian Journalist,Alive,Alien,unknown,St. Gloopy Noops Hospital
461,Communication's Responsible Rick,Dead,Human,unknown,Citadel of Ricks
462,Teleportation's Responsible Rick,unknown,Human,unknown,Citadel of Ricks
463,SEAL Team Rick,Dead,Human,unknown,Citadel of Ricks
464,SEAL Team Rick,Dead,Human,unknown,Citadel of Ricks
465,SEAL Team Rick,Dead,Human,unknown,Citadel of Ricks
466,SEAL Team Rick,Dead,Human,unknown,Citadel of Ricks
467,Morphizer-XE Customer Support,Alive,Alien,unknown,Earth (Replacement Dimension)
468,Morphizer-XE Customer Support,Alive,Alien,unknown,Earth (Replacement Dimension)
469,Morphizer-XE Customer Support,unknown,Alien,unknown,Earth (Replacement Dimension)
470,Alien Spa Employee,Alive,Alien,unknown,Alien Day Spa
471,Little Voltron,Alive,Robot,unknown,Earth (Replacement Dimension)
472,Baby Rick,Alive,Human,Citadel of Ricks,Citadel of Ricks
473,Bartender Morty,Alive,Human,unknown,Citadel of Ricks
474,Dancer Cowboy Morty,Alive,Human,unknown,Citadel of Ricks
475,Dancer Morty,Alive,Human,unknown,Citadel of Ricks
476,Flower Morty,Alive,Human,unknown,Citadel of Ricks
477,Hairdresser Rick,Alive,Human,unknown,Citadel of Ricks
478,Journalist Rick,Alive,Human,unknown,Citadel of Ricks
479,Private Sector Rick,Dead,Human,unknown,Citadel of Ricks
480,Purple Morty,Alive,Alien,unknown,Citadel of Ricks
481,Retired General Rick,unknown,Human,unknown,Citadel of Ricks
482,Secret Service Rick,Alive,Human,unknown,Citadel of Ricks
483,Steve Jobs Rick,Alive,Human,unknown,Citadel of Ricks
484,Sheik Rick,Dead,Human,unknown,Citadel of Ricks
485,Modern Rick,Alive,Human,unknown,Citadel of Ricks
486,Tan Rick,Dead,Human,unknown,Citadel of Ricks
487,Visor Rick,Dead,Human,unknown,Citadel of Ricks
488,Colonial Rick,Dead,Human,unknown,Citadel of Ricks
489,P-Coat Rick,Dead,Human,unknown,Citadel of Ricks
490,Chang,Alive,Human,unknown,The Menagerie
491,Dr. Eleanor Arroway,Alive,Human,unknown,The Menagerie
492,Varrix,Alive,Alien,unknown,Earth (Replacement Dimension)
493,Secretary of the Interior,Alive,Human,Earth (Replacement Dimension),Earth (Replacement Dimension)
494,Crystal Poacher,Dead,Alien,unknown,Forbodulon Prime
495,Crystal Poacher,Dead,Alien,unknown,Forbodulon Prime
496,Crystal Poacher,Dead,Alien,unknown,Forbodulon Prime
497,Hologram Rick,Dead,Humanoid,Earth (Replacement Dimension),Earth (Replacement Dimension)
498,Fascist Rick,Dead,Human,Earth (Fascist Dimension),Earth (Fascist Dimension)
499,Fascist Morty,Dead,Human,Earth (Fascist Dimension),Earth (Fascist Dimension)
500,Fascist Mr. President,Alive,Human,Earth (Fascist Dimension),Earth (Fascist Dimension)
501,Fascist Rick’s Clone,Dead,Human,Earth (Fascist Dimension),Earth (Fascist Dimension)
502,Revolio Clockberg Jr.,Dead,Alien,Earth (Fascist Dimension),Earth (Fascist Dimension)
503,Fascist Shrimp Rick,Alive,Animal,Earth (Fascist Shrimp Dimension),Earth (Fascist Shrimp Dimension)
504,Fascist Shrimp Rick’s Clone,Dead,Animal,Earth (Fascist Shrimp Dimension),Earth (Fascist Shrimp Dimension)
505,Fascist Shrimp Morty,Alive,Animal,Earth (Fascist Shrimp Dimension),Earth (Fascist Shrimp Dimension)
506,Fascist Shrimp SS,Alive,Animal,Earth (Fascist Shrimp Dimension),Earth (Fascist Shrimp Dimension)
507,Fascist Teddy Bear Rick,Alive,Animal,Earth (Fascist Teddy Bear Dimension),Earth (Fascist Teddy Bear Dimension)
508,Fascist Teddy Bear Rick’s Clone,Dead,Animal,Earth (Fascist Teddy Bear Dimension),Earth (Fascist Teddy Bear Dimension)
509,Bully,unknown,Human,Earth (Replacement Dimension),Earth (Replacement Dimension)
510,Anchorman,Alive,Human,Earth (Replacement Dimension),Earth (Replacement Dimension)
511,Anchorwoman,Alive,Human,Earth (Replacement Dimension),Earth (Replacement Dimension)
512,Morty’s Lawyer,Alive,Human,Earth (Replacement Dimension),Earth (Replacement Dimension)
513,Judge,Dead,Human,Earth (Replacement Dimension),Earth (Replacement Dimension)
514,Public Opinion Judge,Alive,Human,Earth (Replacement Dimension),Earth (Replacement Dimension)
515,Caterpillar Mr. Goldenfold,Dead,Animal,Earth (Wasp Dimension),Earth (Wasp Dimension)
516,Wasp Rick,Alive,Animal,Earth (Wasp Dimension),Earth (Replacement Dimension)
517,Wasp Rick’s Clone,unknown,Animal,Earth (Wasp Dimension),Earth (Replacement Dimension)
518,Wasp Morty,Alive,Animal,Earth (Wasp Dimension),Earth (Wasp Dimension)
519,Wasp Summer,Alive,Animal,Earth (Wasp Dimension),Earth (Wasp Dimension)
520,Wasp Jerry,Alive,Animal,Earth (Wasp Dimension),Earth (Wasp Dimension)
521,Wasp Beth,Alive,Animal,Earth (Wasp Dimension),Earth (Wasp Dimension)
522,Caterpillar Mr. Goldenfold’s Larvae,Dead,Animal,Earth (Wasp Dimension),Earth (Wasp Dimension)
523,Boglin,unknown,unknown,Earth (Replacement Dimension),Earth (Replacement Dimension)
524,Kirkland Brand Mr. Meeseeks,unknown,Humanoid,Mr. Meeseeks Box,Earth (Replacement Dimension)
525,Glootie,Alive,Alien,unknown,Monogatron Mothership
526,Danny Publitz,Alive,Human,Earth (Replacement Dimension),Earth (Replacement Dimension)
527,Mothership Intern,Alive,Alien,unknown,Monogatron Mothership
528,Monogatron Leader,Alive,Alien,unknown,Monogatron Mothership
529,Lizard,Dead,Alien,Midland Quasar,Midland Quasar
530,Deliverance,Dead,Robot,Midland Quasar,Midland Quasar
531,Tony,Dead,Alien,unknown,Mount Space Everest
532,Tony’s Wife,Dead,Alien,Globaflyn,Globaflyn
533,Monogatron Queen,Alive,Alien,unknown,Monogatron Mothership
534,Tony's Dad,Alive,Alien,unknown,Earth (Replacement Dimension)
535,Jeff,Alive,Human,Earth (Replacement Dimension),Earth (Replacement Dimension)
536,Josiah,Alive,Human,Earth (Replacement Dimension),Earth (Replacement Dimension)
537,Maggie,Alive,Human,Earth (Replacement Dimension),Earth (Replacement Dimension)
538,Priest Witherspoon,Alive,Human,Earth (Replacement Dimension),Earth (Replacement Dimension)
539,Richard,Alive,Human,Earth (Replacement Dimension),Earth (Replacement Dimension)
540,Running Bird,Alive,Human,Earth (Replacement Dimension),Earth (Replacement Dimension)
541,Secretary at Tony's,Alive,Alien,unknown,Earth (Replacement Dimension)
542,Mountain Sweat Jerry,Alive,Human,Globaflyn,Globaflyn
543,Vermigurber,Alive,Alien,unknown,Gorgon Quadrant
544,Miles Knightly,Dead,Alien,unknown,Heist-Con
545,Heist-Con Receptionist,Alive,Alien,unknown,Heist-Con
546,Angie Flint,Alive,Human,unknown,Heist-Con
547,Glar,Alive,Alien,unknown,Heist-Con
548,Truckula,Alive,Mythological Creature,unknown,Heist-Con
549,Snake Arms,Alive,Alien,unknown,Heist-Con
550,Double Microwawe,Alive,Humanoid,unknown,Heist-Con
551,Monitor Lord,Alive,Alien,unknown,Heist-Con
552,Key Catcher,Alive,Alien,unknown,Heist-Con
553,The Shapeshiftress,Alive,Alien,unknown,Heist-Con
554,Heistotron,Dead,Robot,Earth (Replacement Dimension),Heistotron Base
555,Randotron,Dead,Robot,Earth (Replacement Dimension),Heistotron Base
556,Hephaestus,Alive,Mythological Creature,Mount Olympus,Heistotron Base
557,Ventriloquiver,Alive,Humanoid,Plitzville Montana,Heistotron Base
558,Elon Tusk,Alive,Human,Earth (Tusk Dimension),Heistotron Base
559,Gramuflackian Anchorman,Dead,Alien,Gramuflack,Gramuflack
560,Gramuflackian General,Dead,Alien,Gramuflack,Gramuflack
561,Netflix Executive,Alive,Human,Earth (Replacement Dimension),Earth (Replacement Dimension)
562,Balthromaw,Alive,Mythological Creature,Draygon,Earth (Replacement Dimension)
563,The Wizard,Dead,Human,Draygon,Draygon
564,Talking Cat,Alive,Animal,unknown,Earth (Replacement Dimension)
565,Debrah,Alive,Mythological Creature,Draygon,Draygon
566,Debrah’s Partner,Alive,Mythological Creature,Draygon,Draygon
567,Michael,Alive,Mythological Creature,Draygon,Draygon
568,Slut Dragon,Alive,Mythological Creature,Draygon,Draygon
569,Shadow Jacker,Alive,Mythological Creature,Draygon,Draygon
570,Chachi,Dead,Alien,unknown,Earth (Replacement Dimension)
571,Slippy,Alive,Animal,Earth (Replacement Dimension),Snake Planet
572,Robot Snake,unknown,Robot,Snake Planet,Snake Planet
573,Snake Hitler,Dead,Animal,Snake Planet,Snake Planet
574,Snake Lincoln,Dead,Animal,Snake Planet,Snake Planet
575,Snake Resistance Robot,Dead,Robot,Snake Planet,Earth (Replacement Dimension)
576,Snake Linguist,unknown,Animal,Snake Planet,Snake Planet
577,Snake Terminator,unknown,Robot,Snake Planet,Snake Planet
578,Snake Soldier,Alive,Animal,Snake Planet,Snake Planet
579,Snake with Legs,Alive,Animal,Snake Planet,Snake Planet
580,Secret Service Snake,Alive,Animal,Snake Planet,Snake Planet
581,Anchosnake,Alive,Animal,Snake Planet,Snake Planet
582,Anchosnake,Alive,Animal,Snake Planet,Snake Planet
583,80's snake,unknown,Animal,Snake Planet,Snake Planet
584,Bar Customer,Alive,Human,Earth (Replacement Dimension),Earth (Replacement Dimension)
585,Bartender,Alive,Human,Earth (Replacement Dimension),Earth (Replacement Dimension)
586,PC Basketball Player,Alive,Human,Earth (Replacement Dimension),Earth (Replacement Dimension)
587,Cavesnake,Dead,Animal,Snake Planet,Snake Planet
588,Pet Shop Employee,Alive,Human,Earth (Replacement Dimension),Earth (Replacement Dimension)
589,Snake Reporter,Alive,Animal,Snake Planet,Snake Planet
590,High Pilot,unknown,Human,Earth (Replacement Dimension),Earth (Replacement Dimension)
591,High Pilot,unknown,Human,Earth (Replacement Dimension),Earth (Replacement Dimension)
592,Phoenixperson,Dead,Alien,Bird World,Earth (Replacement Dimension)
593,Tickets Please Guy,Dead,Human,Story Train,Non-Diegetic Alternative Reality
594,Floaty Bloody Man,Dead,Human,Tickets Please Guy Nightmare,Tickets Please Guy Nightmare
595,Floaty Non-Gasm Brotherhood Member,Dead,Alien,Tickets Please Guy Nightmare,Tickets Please Guy Nightmare
596,Floaty Non-Gasm Brotherhood Member Friend,Dead,Alien,Tickets Please Guy Nightmare,Tickets Please Guy Nightmare
597,Abradolf Lincler,Alive,Human,Story Train,Story Train
598,Biblesaurus,Alive,Animal,Story Train,Story Train
599,Birdperson,Alive,Alien,Story Train,Story Train
600,Cats Fan,Alive,Alien,Story Train,Story Train
601,Christmas Storyteller,Alive,Alien,Story Train,Story Train
602,Cookies Guy,Alive,Human,Morty’s Story,Morty’s Story
603,Crossy,Alive,unknown,Ricks’s Story,Ricks’s Story
604,Female Scorpion,Dead,Animal,Morty’s Story,Morty’s Story
605,Floaty Bloody Man’s Daughter,Dead,Human,Tickets Please Guy Nightmare,Tickets Please Guy Nightmare
606,Goomby,Alive,Alien,Story Train,Story Train
607,Hairspray Fan,Alive,Alien,Story Train,Story Train
608,Jesus Christ,Alive,Human,Ricks’s Story,Ricks’s Story
609,Josh,Dead,Human,Tickets Please Guy Nightmare,Tickets Please Guy Nightmare
610,Josh's Sister,Dead,Human,Tickets Please Guy Nightmare,Tickets Please Guy Nightmare
611,Leah,Alive,unknown,Story Train,Story Train
612,Marcus,Alive,Human,Story Train,Story Train
613,Mike Johnson,Alive,Human,Morty’s Story,Morty’s Story
614,Mr. Celery & Friends,Alive,unknown,Ricks’s Story,Ricks’s Story
615,Musical Fan,Alive,Alien,Story Train,Story Train
616,Phantom of the Opera Fan,Alive,Alien,Story Train,Story Train
617,Phoenixperson,Alive,Alien,Story Train,Story Train
618,Private Smith,unknown,Human,Story Train,Story Train
619,Professor Sanchez,Dead,Human,Story Train,Story Train
620,Ramamama Lord,Alive,Human,Story Train,Story Train
621,Ruth Bader Ginsburg,Alive,Human,Morty’s Story,Morty’s Story
622,Sarge,Alive,Human,Story Train,Story Train
623,Shrek The Musical Fan,Alive,Alien,Story Train,Story Train
624,Snuffles,Alive,Animal,Story Train,Story Train
625,Storylord,Alive,Human,Story Train,Ricks’s Story
626,Tammy Guetermann,Alive,Human,Story Train,Story Train
627,The Concept of Time,Alive,unknown,Story Train,Story Train
628,Beth Smith,Alive,Human,Morty’s Story,Morty’s Story
629,Summer Smith,Alive,Human,Morty’s Story,Morty’s Story
630,Morty Smith,Alive,Human,Story Train,Story Train
631,Rick Sanchez,Alive,Human,Story Train,Story Train
632,Train Cop,Dead,Human,Story Train,Story Train
633,Train Cops,Alive,Human,Story Train,Story Train
634,Train Cops Instructor,Dead,Human,Story Train,Story Train
635,Darth Poopybutthole,Alive,Poopybutthole,Ricks’s Story,Ricks’s Story
636,Evil Morty,Alive,Human,Ricks’s Story,Ricks’s Story
637,Morty’s Disguise,Alive,Human,Story Train,Story Train
638,Rick’s Disguise,Alive,Human,Story Train,Story Train
639,Uncle Nibbles,Dead,Alien,Tickets Please Guy Nightmare,Tickets Please Guy Nightmare
640,Angry Glorzo,Dead,Alien,Glorzo Asteroid,Glorzo Asteroid
641,Bruce,Dead,Alien,Glorzo Asteroid,Glorzo Asteroid
642,Council of Glorzos Member,Dead,Alien,Glorzo Asteroid,Glorzo Asteroid
643,Council of Glorzos Member,Dead,Alien,Glorzo Asteroid,Glorzo Asteroid
644,Old Glorzo,Dead,Alien,Glorzo Asteroid,Glorzo Asteroid
645,Shane,unknown,Alien,Glorzo Asteroid,Glorzo Asteroid
646,Steve,Dead,Alien,Glorzo Asteroid,Glorzo Asteroid
647,Troy,Dead,Alien,Glorzo Asteroid,Glorzo Asteroid
648,Crystal Dealers Boss,Dead,Alien,unknown,Alien Acid Plant
649,Crystal Dealer,Dead,Alien,unknown,Alien Acid Plant
650,Crystal Dealer,Dead,Alien,unknown,Alien Acid Plant
651,Crystal Dealer,Dead,Alien,unknown,Alien Acid Plant
652,SWAT Officer,Dead,Human,Merged Universe,Merged Universe
653,Plane Crash Survivor,unknown,Human,Near-Duplicate Reality,Near-Duplicate Reality
654,Plane Crash Survivor,unknown,Human,Near-Duplicate Reality,Near-Duplicate Reality
655,Heroine Keith,Alive,Human,Near-Duplicate Reality,Merged Universe
656,Impervious to Acid SWAT Officer,Dead,Human,Merged Universe,Merged Universe
657,Johnny Carson,Alive,Human,Merged Universe,Merged Universe
658,Sonia Sotomayor,Alive,Human,Merged Universe,Merged Universe
659,Morty’s Father-in-law,Alive,Human,Near-Duplicate Reality,Near-Duplicate Reality
660,Morty’s Mother-in-law,Alive,Human,Near-Duplicate Reality,Near-Duplicate Reality
661,Morty’s Girlfriend,Alive,Human,Near-Duplicate Reality,Merged Universe
662,Gaia,Alive,unknown,Gaia,Gaia
663,Reggie,Dead,Mythological Creature,Mount Olympus,Gaia
664,Ticktock,unknown,Humanoid,Gaia,Gaia
665,Florflock,Alive,Humanoid,Gaia,Gaia
666,Squeeb,Alive,Humanoid,Gaia,Gaia
667,Defiance Beth,Alive,Human,Earth (Replacement Dimension),Earth (Replacement Dimension)
668,Defiance Squanchette,Alive,Alien,Planet Squanch,Defiance's Ship
669,Defiance Doctor,Alive,Alien,unknown,Defiance's Base
670,New Improved Galactic Federation Guard,Dead,Alien,Gromflom Prime,NX-5 Planet Remover
671,New Improved Galactic Federation Guard,Dead,Alien,Gromflom Prime,NX-5 Planet Remover
672,Mr. Nimbus,Alive,Mythological Creature,The Ocean,Earth (Replacement Dimension)
673,Hoovy,Dead,Humanoid,Narnia Dimension,Narnia Dimension
674,Bova,Dead,Humanoid,Narnia Dimension,Narnia Dimension
675,Japheth,Dead,Humanoid,Narnia Dimension,Narnia Dimension
676,Japheth's Middle Son,Dead,Humanoid,Narnia Dimension,Narnia Dimension
677,Japheth's Eldest Son,Dead,Humanoid,Narnia Dimension,Narnia Dimension
678,Japheth's Youngest Son,Dead,Humanoid,Narnia Dimension,Narnia Dimension
679,Japheth's Grandson,Dead,Humanoid,Narnia Dimension,Narnia Dimension
680,Adam,Dead,Humanoid,Narnia Dimension,Earth (Replacement Dimension)
681,Adam's Mother,Dead,Humanoid,Narnia Dimension,Narnia Dimension
682,Warlock,Dead,Humanoid,Narnia Dimension,Narnia Dimension
683,Evolved Narnian,Alive,Humanoid,Narnia Dimension,Narnia Dimension
684,Mr. Nimbus Secretary,Alive,Animal,The Ocean,Earth (Replacement Dimension)
685,Evolved Narnian Disguised as Morty,Alive,Humanoid,Narnia Dimension,Narnia Dimension
686,Mr. Nimbus' Squid,Dead,Animal,The Ocean,Earth (Replacement Dimension)
687,Scarecrow Rick,Dead,Robot,Earth (Replacement Dimension),Earth (Replacement Dimension)
688,Scarecrow Summer,Dead,Robot,Earth (Replacement Dimension),Earth (Replacement Dimension)
689,Scarecrow Jerry,Dead,Robot,Earth (Replacement Dimension),Earth (Replacement Dimension)
690,Scarecrow Morty,Dead,Robot,Earth (Replacement Dimension),Earth (Replacement Dimension)
691,Scarecrow Beth,Dead,Robot,Earth (Replacement Dimension),Earth (Replacement Dimension)
692,Glockenspiel Jerry,Alive,Robot,Earth (Replacement Dimension),Earth (Replacement Dimension)
693,Glockenspiel Beth,Dead,Robot,Earth (Replacement Dimension),Earth (Replacement Dimension)
694,Glockenspiel Rick,Dead,Robot,Earth (Replacement Dimension),Earth (Replacement Dimension)
695,Glockenspiel Summer,Dead,Robot,Earth (Replacement Dimension),Earth (Replacement Dimension)
696,Glockenspiel Morty,Dead,Robot,Earth (Replacement Dimension),Earth (Replacement Dimension)
697,Wicker Beth,Dead,Robot,Earth (Replacement Dimension),Earth (Replacement Dimension)
698,Wicker Rick,Dead,Robot,Earth (Replacement Dimension),Earth (Replacement Dimension)
699,Wicker Morty,Dead,Robot,Earth (Replacement Dimension),Earth (Replacement Dimension)
700,Wicker Summer,Dead,Robot,Earth (Replacement Dimension),Earth (Replacement Dimension)
701,Metal Rick,Dead,Robot,Earth (Replacement Dimension),Earth (Replacement Dimension)
702,Gun Brain Rick,Dead,Robot,Earth (Replacement Dimension),Earth (Replacement Dimension)
703,Mr. Always Wants to be Hunted,Alive,Poopybutthole,unknown,Earth (Replacement Dimension)
704,Squid Costume Beth,Dead,Robot,Earth (Replacement Dimension),Earth (Replacement Dimension)
705,Squid Costume Jerry,Dead,Robot,Earth (Replacement Dimension),Earth (Replacement Dimension)
706,Squid Costume Morty,Dead,Robot,Earth (Replacement Dimension),Earth (Replacement Dimension)
707,Squid Costume Rick,Dead,Robot,Earth (Replacement Dimension),Earth (Replacement Dimension)
708,Squid Costume Summer,Dead,Robot,Earth (Replacement Dimension),Earth (Replacement Dimension)
709,Dracula,Alive,Mythological Creature,Interdimensional Cable,Interdimensional Cable
710,Steve,Alive,Human,Earth (Replacement Dimension),Earth (Replacement Dimension)
711,When Wolf,Alive,Mythological Creature,Interdimensional Cable,Interdimensional Cable
712,Too Cute to Murder Beth,Dead,Robot,Earth (Replacement Dimension),Earth (Replacement Dimension)
713,Too Cute to Murder Rick,Dead,Robot,Earth (Replacement Dimension),Earth (Replacement Dimension)
714,Too Cute to Murder Jerry,Dead,Robot,Earth (Replacement Dimension),Earth (Replacement Dimension)
715,Too Cute to Murder Morty,Dead,Robot,Earth (Replacement Dimension),Earth (Replacement Dimension)
716,Too Cute to Murder Summer,Dead,Robot,Earth (Replacement Dimension),Earth (Replacement Dimension)
717,Planetina,Alive,Humanoid,Elemental Rings,Earth (Replacement Dimension)
718,Daphne,Alive,Alien,Morglutz,Ferkus 9
719,Diesel Weasel,Alive,Animal,Earth (Replacement Dimension),Earth (Replacement Dimension)
720,Eddie,Dead,Human,Earth (Replacement Dimension),Earth (Replacement Dimension)
721,Xing Ho,Dead,Human,Earth (Replacement Dimension),Earth (Replacement Dimension)
722,Air Tina-Teer,Dead,Human,Earth (Replacement Dimension),Earth (Replacement Dimension)
723,Water Tina-Teer,Dead,Human,Earth (Replacement Dimension),Earth (Replacement Dimension)
724,Planetina Buyer,Dead,Human,Earth (Replacement Dimension),Earth (Replacement Dimension)
725,Tony Galopagus,Alive,Human,Earth (Replacement Dimension),Earth (Replacement Dimension)
726,Sticky,Alive,unknown,Morty,Earth (Replacement Dimension)
727,Professor Shabooboo,Dead,Human,Earth (Replacement Dimension),Earth (Replacement Dimension)
728,Sperm Queen,Dead,unknown,Morty,Earth (Replacement Dimension)
729,CHUD King,Alive,Animal,Earth (Replacement Dimension),Earth (Replacement Dimension)
730,Princess Ponietta,Alive,Animal,Earth (Replacement Dimension),Earth (Replacement Dimension)
731,Naruto Smith,Alive,Humanoid,Earth (Replacement Dimension),Space
732,Blazen,Dead,Human,Earth (Replacement Dimension),Earth (Replacement Dimension)
733,Kathy Ireland,Alive,Human,Earth (Replacement Dimension),Earth (Replacement Dimension)
734,Amazing Johnathan,Alive,Human,Earth (Replacement Dimension),Earth (Replacement Dimension)
735,Foal Sanchez,Alive,Humanoid,Earth (Replacement Dimension),Earth (Replacement Dimension)
736,Spaceman,Dead,Human,Earth (Replacement Dimension),Space
737,Cirque du Soleil Zumanity Member,Alive,Human,Near-Duplicate Reality,Earth (Replacement Dimension)
738,Cirque du Soleil Zumanity Member,Alive,Human,Earth (Replacement Dimension),Earth (Replacement Dimension)
739,Cirque du Soleil Zumanity Member,Alive,Human,Earth (Replacement Dimension),Earth (Replacement Dimension)
740,Cirque du Soleil Zumanity Member,Dead,Human,Earth (Replacement Dimension),Earth (Replacement Dimension)
741,Cirque du Soleil Zumanity Member,Alive,Human,Earth (Replacement Dimension),Earth (Replacement Dimension)
742,Bruce Chutback,Alive,Human,Earth (Replacement Dimension),Earth (Replacement Dimension)
743,Alyson Hannigan,Dead,Alien,unknown,Z. Q. P. D.
744,Cenobite,unknown,Mythological Creature,Hell,Hell
745,Cenobite,unknown,Mythological Creature,Hell,Hell
746,Cenobite,unknown,Mythological Creature,Hell,Hell
747,Cenobite,unknown,Mythological Creature,Hell,Hell
748,Cenobite,unknown,Mythological Creature,Hell,Hell
749,Coat Rack Head,unknown,Mythological Creature,Hell,Hell
750,Mousetrap Nipples,unknown,Mythological Creature,Hell,Hell
751,Changeformer,Dead,Robot,Space Tahoe,Space Tahoe
752,Changeformer,Dead,Robot,Space Tahoe,Space Tahoe
753,Space Cruiser,Alive,Robot,Earth (Replacement Dimension),Earth (Replacement Dimension)
754,Coop,Alive,Human,Earth (Replacement Dimension),Earth (Replacement Dimension)
755,Dwayne,Alive,Human,Earth (Replacement Dimension),Earth (Replacement Dimension)
756,Franklin D. Roosevelt,Dead,Humanoid,Earth (Replacement Dimension),Earth (Replacement Dimension)
757,President's General,Alive,Human,Earth (Replacement Dimension),Earth (Replacement Dimension)
758,Giant Assassin Hidden in the Statue of Liberty,Alive,Robot,France,Earth (Replacement Dimension)
759,Turkey Morty,Alive,Animal,Earth (Replacement Dimension),Earth (Replacement Dimension)
760,Turkey Rick,Alive,Animal,Earth (Replacement Dimension),Earth (Replacement Dimension)
761,Turkey President Curtis,Alive,Animal,Earth (Replacement Dimension),Earth (Replacement Dimension)
762,Martínez,Dead,Animal,Earth (Replacement Dimension),Earth (Replacement Dimension)
763,Marvin,Alive,Human,Earth (Replacement Dimension),Earth (Replacement Dimension)
764,Jackey,Alive,Human,Earth (Replacement Dimension),Earth (Replacement Dimension)
765,Native Alien,Alive,Alien,unknown,Earth (Replacement Dimension)
766,Pilgrim Alien,Alive,Alien,unknown,Earth (Replacement Dimension)
767,President Turkey,Dead,Humanoid,Earth (Replacement Dimension),Earth (Replacement Dimension)
768,Mary-Lou,Alive,Human,Earth (Replacement Dimension),Earth (Replacement Dimension)
769,Big Fat rick,unknown,Human,unknown,Earth (Replacement Dimension)
770,Hothead Rick,Dead,Human,unknown,Earth (Replacement Dimension)
771,Ricardo Montoya,unknown,Human,unknown,Earth (Replacement Dimension)
772,Wrap-it-up Little Rick,Dead,Human,unknown,Earth (Replacement Dimension)
773,Yo-yo Rick,unknown,Human,unknown,Earth (Replacement Dimension)
774,Voiceoverian,Dead,Alien,unknown,Earth (Replacement Dimension)
775,Voiceoverian,Dead,Alien,unknown,Earth (Replacement Dimension)
776,Gotron Pilot,Dead,Human,unknown,Earth (Replacement Dimension)
777,Gotron Pilot,Dead,Human,unknown,Earth (Replacement Dimension)
778,Gotron Pilot,Dead,Human,unknown,Earth (Replacement Dimension)
779,Young Memory Rick,Alive,Human,Birdperson's Consciousness,Rick's Memories
780,Memory Tammy,Dead,Human,Birdperson's Consciousness,Birdperson's Consciousness
781,Rick's Garage,Alive,Robot,Earth (Replacement Dimension),Earth (Replacement Dimension)
782,Memory Squanchy,Dead,Alien,Birdperson's Consciousness,Birdperson's Consciousness
783,Memory Rick,Dead,Human,Birdperson's Consciousness,Birdperson's Consciousness
784,Memory Rick,Dead,Human,Birdperson's Consciousness,Birdperson's Consciousness
785,Memory Geardude,Dead,Alien,Birdperson's Consciousness,Birdperson's Consciousness
786,Birdperson & Tammy's Child,Alive,Humanoid,Earth (Replacement Dimension),Earth (Replacement Dimension)
787,Two Crows,Alive,Animal,Earth (Replacement Dimension),Rick and Two Crows Planet
788,Mr. Cookie President,Alive,Alien,unknown,Earth (Replacement Dimension)
789,Nick,Dead,Human,Earth (Replacement Dimension),Earth (Replacement Dimension)
790,Harold (Garbage Goober),Alive,Alien,unknown,Earth (Replacement Dimension)
791,Harold's Wife,Alive,Alien,unknown,Earth (Replacement Dimension)
792,Alien Crow,Dead,Alien,Avian Planet,Avian Planet
793,Alien Crow,Dead,Alien,Avian Planet,Avian Planet
794,Samansky,Dead,Alien,Normal Size Bug Dimension,Earth (Replacement Dimension)
795,Palicki,Alive,Alien,Normal Size Bug Dimension,Normal Size Bug Dimension
796,Sarge,Alive,Alien,Normal Size Bug Dimension,Normal Size Bug Dimension
797,Slartivartian,Dead,Alien,Slartivart,Slartivart
798,Ferkusian,Alive,Alien,Ferkus 9,Ferkus 9
799,Morglutzian,Dead,Alien,Morglutz,Morglutz
800,Super Turkey,Dead,Humanoid,Earth (Replacement Dimension),Earth (Replacement Dimension)
801,7+7 Years Old Morty,unknown,Human,Citadel of Ricks,Citadel of Ricks
802,26 Years Old Morty,Dead,Human,Citadel of Ricks,Citadel of Ricks
803,40 Years Old Morty,unknown,Human,Citadel of Ricks,Citadel of Ricks
804,Andy,unknown,Human,unknown,Citadel of Ricks
805,Baby Mouse Skin Morty,Alive,Human,Citadel of Ricks,Citadel of Ricks
806,Metaphor for Capitalism,Dead,Humanoid,Citadel of Ricks,Citadel of Ricks
807,Beth Sanchez,Dead,Human,Earth (C-137),Rick's Memories
808,Crow Scare,Alive,Humanoid,Rick and Two Crows Planet,Rick and Two Crows Planet
809,Pussifer,Dead,Animal,Rick and Two Crows Planet,Rick and Two Crows Planet
810,Stan Lee Rick,unknown,Human,unknown,Citadel of Ricks
811,Re-Build-a-Morty Morty,unknown,Human,unknown,Citadel of Ricks
812,Deformed Morty,Dead,Humanoid,Citadel of Ricks,Citadel of Ricks
813,Crow Horse,Alive,Robot,Rick and Two Crows Planet,Earth (Replacement Dimension)
814,Bald Rick,Dead,Human,unknown,Rick's Memories
815,Punk Rick,Dead,Human,unknown,Rick's Memories
816,Party Rick,Dead,Human,unknown,Rick's Memories
817,Scar Rick,Dead,Human,unknown,Rick's Memories
818,Long Hair Rick,unknown,Human,unknown,Citadel of Ricks
819,Redhead Rick,Dead,Human,unknown,Citadel of Ricks
820,Redhead Morty,Dead,Human,unknown,Citadel of Ricks
821,Gotron,unknown,Robot,Earth (Replacement Dimension),Earth (Replacement Dimension)
822,Young Jerry,unknown,Human,Earth (Unknown dimension),Earth (Unknown dimension)
823,Young Beth,unknown,Human,Earth (Unknown dimension),Earth (Unknown dimension)
824,Young Beth,unknown,Human,Earth (Unknown dimension),Earth (Unknown dimension)
825,Young Jerry,unknown,Human,Earth (Unknown dimension),Earth (Unknown dimension)
826,Butter Robot,Alive,Robot,Earth (Replacement Dimension),Earth (Replacement Dimension)
